{"count":1,"self":2039.8987264,"total":5571.443386,"children":{"AgentSendState":{"count":1618701,"self":120.35820799999999,"total":279.139099,"children":{"CollectObservations":{"count":6474820,"self":45.0600096,"total":45.060010999999996,"children":null},"CollectDiscreteActionMasks":{"count":6474820,"self":15.5621888,"total":15.562189,"children":null},"AgentInfo.ToProto":{"count":6474820,"self":45.5500992,"total":98.158696999999989,"children":{"GenerateSensorData":{"count":6474820,"self":52.6085984,"total":52.608599,"children":null}}}}},"DecideAction":{"count":1618701,"self":3106.5614336,"total":3106.561338,"children":null},"AgentAct":{"count":1618701,"self":139.00761599999998,"total":139.031844,"children":{"AgentInfo.ToProto":{"count":1246,"self":0.010489,"total":0.024225999999999998,"children":{"GenerateSensorData":{"count":1246,"self":0.013737,"total":0.013737,"children":null}}}}},"AgentInfo.ToProto":{"count":338700,"self":3.214129,"total":6.8113899999999994,"children":{"GenerateSensorData":{"count":338700,"self":3.5972608,"total":3.597261,"children":null}}}},"gauges":{"Robotarm.CumulativeReward":{"count":339946,"max":727.8688,"min":-1691.3689,"runningAverage":-1.15695584,"value":-3.02509618,"weightedAverage":1.09966516}},"metadata":{"timer_format_version":"0.1.0","start_time_seconds":"1616567393","unity_version":"2019.4.18f1","command_line_arguments":"\/home\/steve\/Unity\/Hub\/Editor\/2019.4.18f1\/Editor\/Unity -projectpath \/media\/steve\/054DA50B580BD049\/steve\/projects\/game dev\/RobotArmMLAgentUnity -useHub -hubIPC -cloudEnvironment production -hubSessionId 58487c60-8be1-11eb-9e86-3f3ec632f2bf -accessToken w1PagzJftsy55g2knpM9uWVZpjeGZmrKHeU3FeOC1DU00cf","communication_protocol_version":"1.0.0","com.unity.ml-agents_version":"1.0.6","scene_name":"AI","end_time_seconds":"1616572964"}}